{
  "context": "client",
  "identifier": "com.jiramas.system",
  "display_name": "Jiramas System",
  "description": "Jiramas/system",
  "author": "Jiramas",
  "version": "v1.0.0",
  "build": "0",
  "date": "2024-03-22",
  "signature": "not yet implemented",
  "forum": "",
  "icon": "",
  "priority": 100,
  "dependencies": [
    "com.pa.conundrum.cShareSystems"
  ],
  "authors": [
    "Jiramas"
  ],
  "scenes": {
    "load_planet": [
      "coui://ui/mods/Jiramas/maps.js"
    ]
  },
  "titansOnly": true,
  "titans": true
}
